<?xml version="1.0" encoding="UTF-8"?>
<AnalysisInput>
  <Settings>
    <Setting>
      <Key>sonar.cs.ignoreHeaderComments</Key>
      <Value>true</Value>
    </Setting>
  </Settings>
  <Rules>
    <Rule>
      <Key>S125</Key>
    </Rule>
    <Rule>
      <Key>S126</Key>
    </Rule>
    <Rule>
      <Key>S121</Key>
    </Rule>
    <Rule>
      <Key>S122</Key>
    </Rule>
    <Rule>
      <Key>S127</Key>
    </Rule>
    <Rule>
      <Key>S134</Key>
      <Parameters>
        <Parameter>
          <Key>max</Key>
          <Value>3</Value>
        </Parameter>
      </Parameters>
    </Rule>
    <Rule>
      <Key>S131</Key>
    </Rule>
    <Rule>
      <Key>S2930</Key>
    </Rule>
    <Rule>
      <Key>S2931</Key>
    </Rule>
    <Rule>
      <Key>S2933</Key>
    </Rule>
    <Rule>
      <Key>S2934</Key>
    </Rule>
    <Rule>
      <Key>S1848</Key>
    </Rule>
    <Rule>
      <Key>S2743</Key>
    </Rule>
    <Rule>
      <Key>S1656</Key>
    </Rule>
    <Rule>
      <Key>S1659</Key>
    </Rule>
    <Rule>
      <Key>S2995</Key>
    </Rule>
    <Rule>
      <Key>S2996</Key>
    </Rule>
    <Rule>
      <Key>S2997</Key>
    </Rule>
    <Rule>
      <Key>S2757</Key>
    </Rule>
    <Rule>
      <Key>S2758</Key>
    </Rule>
    <Rule>
      <Key>S2761</Key>
    </Rule>
    <Rule>
      <Key>S2760</Key>
    </Rule>
    <Rule>
      <Key>S1449</Key>
    </Rule>
    <Rule>
      <Key>S1854</Key>
    </Rule>
    <Rule>
      <Key>S1858</Key>
    </Rule>
    <Rule>
      <Key>S1862</Key>
    </Rule>
    <Rule>
      <Key>S2952</Key>
    </Rule>
    <Rule>
      <Key>S2953</Key>
    </Rule>
    <Rule>
      <Key>S2955</Key>
    </Rule>
    <Rule>
      <Key>S1871</Key>
    </Rule>
    <Rule>
      <Key>S2971</Key>
    </Rule>
    <Rule>
      <Key>S1643</Key>
    </Rule>
    <Rule>
      <Key>S2737</Key>
    </Rule>
    <Rule>
      <Key>S1134</Key>
    </Rule>
    <Rule>
      <Key>S2223</Key>
    </Rule>
    <Rule>
      <Key>S1135</Key>
    </Rule>
    <Rule>
      <Key>S2225</Key>
    </Rule>
    <Rule>
      <Key>S907</Key>
    </Rule>
    <Rule>
      <Key>S2228</Key>
    </Rule>
    <Rule>
      <Key>S1144</Key>
    </Rule>
    <Rule>
      <Key>S1145</Key>
    </Rule>
    <Rule>
      <Key>S2234</Key>
    </Rule>
    <Rule>
      <Key>S2486</Key>
    </Rule>
    <Rule>
      <Key>S1155</Key>
    </Rule>
    <Rule>
      <Key>S927</Key>
    </Rule>
    <Rule>
      <Key>S2674</Key>
    </Rule>
    <Rule>
      <Key>S2437</Key>
    </Rule>
    <Rule>
      <Key>S1109</Key>
    </Rule>
    <Rule>
      <Key>S3532</Key>
    </Rule>
    <Rule>
      <Key>S1116</Key>
    </Rule>
    <Rule>
      <Key>S1117</Key>
    </Rule>
    <Rule>
      <Key>S1118</Key>
    </Rule>
    <Rule>
      <Key>S2681</Key>
    </Rule>
    <Rule>
      <Key>S2696</Key>
    </Rule>
    <Rule>
      <Key>S1125</Key>
    </Rule>
    <Rule>
      <Key>S2692</Key>
    </Rule>
    <Rule>
      <Key>S1121</Key>
    </Rule>
    <Rule>
      <Key>S2219</Key>
    </Rule>
    <Rule>
      <Key>S3397</Key>
    </Rule>
    <Rule>
      <Key>S2070</Key>
    </Rule>
    <Rule>
      <Key>S3169</Key>
    </Rule>
    <Rule>
      <Key>S3168</Key>
    </Rule>
    <Rule>
      <Key>S3172</Key>
    </Rule>
    <Rule>
      <Key>S1172</Key>
    </Rule>
    <Rule>
      <Key>S2278</Key>
    </Rule>
    <Rule>
      <Key>S1185</Key>
    </Rule>
    <Rule>
      <Key>S2275</Key>
    </Rule>
    <Rule>
      <Key>S1186</Key>
    </Rule>
    <Rule>
      <Key>S3376</Key>
    </Rule>
    <Rule>
      <Key>S2290</Key>
    </Rule>
    <Rule>
      <Key>S2291</Key>
    </Rule>
    <Rule>
      <Key>S2292</Key>
    </Rule>
    <Rule>
      <Key>S103</Key>
      <Parameters>
        <Parameter>
          <Key>maximumLineLength</Key>
          <Value>200</Value>
        </Parameter>
      </Parameters>
    </Rule>
    <Rule>
      <Key>S104</Key>
      <Parameters>
        <Parameter>
          <Key>maximumFileLocThreshold</Key>
          <Value>1000</Value>
        </Parameter>
      </Parameters>
    </Rule>
    <Rule>
      <Key>S101</Key>
      <Parameters>
        <Parameter>
          <Key>format</Key>
          <Value>^([A-HJ-Z][a-zA-Z0-9]+|I[a-z0-9][a-zA-Z0-9]*|[A-Z][a-zA-Z0-9]+Extensions)$</Value>
        </Parameter>
      </Parameters>
    </Rule>
    <Rule>
      <Key>S100</Key>
      <Parameters>
        <Parameter>
          <Key>format</Key>
          <Value>^[A-Z][a-zA-Z0-9_]*[a-zA-Z0-9]$</Value>
        </Parameter>
      </Parameters>
    </Rule>
    <Rule>
      <Key>S107</Key>
      <Parameters>
        <Parameter>
          <Key>max</Key>
          <Value>7</Value>
        </Parameter>
      </Parameters>
    </Rule>
    <Rule>
      <Key>S108</Key>
    </Rule>
    <Rule>
      <Key>S105</Key>
    </Rule>
    <Rule>
      <Key>S1939</Key>
    </Rule>
    <Rule>
      <Key>S1940</Key>
    </Rule>
    <Rule>
      <Key>S1944</Key>
    </Rule>
    <Rule>
      <Key>S1905</Key>
    </Rule>
    <Rule>
      <Key>S1541</Key>
      <Parameters>
        <Parameter>
          <Key>maximumFunctionComplexityThreshold</Key>
          <Value>10</Value>
        </Parameter>
      </Parameters>
    </Rule>
    <Rule>
      <Key>S1301</Key>
    </Rule>
    <Rule>
      <Key>S1313</Key>
    </Rule>
    <Rule>
      <Key>S1994</Key>
    </Rule>
    <Rule>
      <Key>S1764</Key>
    </Rule>
    <Rule>
      <Key>S2344</Key>
    </Rule>
    <Rule>
      <Key>S2345</Key>
    </Rule>
    <Rule>
      <Key>S2346</Key>
    </Rule>
    <Rule>
      <Key>S3444</Key>
    </Rule>
    <Rule>
      <Key>S3443</Key>
    </Rule>
    <Rule>
      <Key>S2357</Key>
    </Rule>
    <Rule>
      <Key>S3447</Key>
    </Rule>
    <Rule>
      <Key>S3449</Key>
    </Rule>
    <Rule>
      <Key>S3441</Key>
    </Rule>
    <Rule>
      <Key>S2123</Key>
    </Rule>
    <Rule>
      <Key>S3215</Key>
    </Rule>
    <Rule>
      <Key>S3457</Key>
    </Rule>
    <Rule>
      <Key>S2368</Key>
    </Rule>
    <Rule>
      <Key>S3456</Key>
    </Rule>
    <Rule>
      <Key>S3217</Key>
    </Rule>
    <Rule>
      <Key>S3216</Key>
    </Rule>
    <Rule>
      <Key>S3218</Key>
    </Rule>
    <Rule>
      <Key>S2360</Key>
    </Rule>
    <Rule>
      <Key>S3451</Key>
    </Rule>
    <Rule>
      <Key>S3450</Key>
    </Rule>
    <Rule>
      <Key>S3466</Key>
    </Rule>
    <Rule>
      <Key>S2376</Key>
    </Rule>
    <Rule>
      <Key>S818</Key>
    </Rule>
    <Rule>
      <Key>S3220</Key>
    </Rule>
    <Rule>
      <Key>S2372</Key>
    </Rule>
    <Rule>
      <Key>S1694</Key>
    </Rule>
    <Rule>
      <Key>S1697</Key>
    </Rule>
    <Rule>
      <Key>S1698</Key>
    </Rule>
    <Rule>
      <Key>S1699</Key>
    </Rule>
    <Rule>
      <Key>S2306</Key>
    </Rule>
    <Rule>
      <Key>S1226</Key>
    </Rule>
    <Rule>
      <Key>S1227</Key>
    </Rule>
    <Rule>
      <Key>S2551</Key>
    </Rule>
    <Rule>
      <Key>S1479</Key>
      <Parameters>
        <Parameter>
          <Key>maximum</Key>
          <Value>30</Value>
        </Parameter>
      </Parameters>
    </Rule>
    <Rule>
      <Key>S2326</Key>
    </Rule>
    <Rule>
      <Key>S2328</Key>
    </Rule>
    <Rule>
      <Key>S1244</Key>
    </Rule>
    <Rule>
      <Key>S2333</Key>
    </Rule>
    <Rule>
      <Key>S1006</Key>
    </Rule>
    <Rule>
      <Key>S3427</Key>
    </Rule>
    <Rule>
      <Key>S2339</Key>
    </Rule>
    <Rule>
      <Key>S1481</Key>
    </Rule>
    <Rule>
      <Key>S2330</Key>
    </Rule>
    <Rule>
      <Key>S2184</Key>
    </Rule>
    <Rule>
      <Key>S2197</Key>
    </Rule>
    <Rule>
      <Key>S3052</Key>
    </Rule>
    <Rule>
      <Key>S3235</Key>
    </Rule>
    <Rule>
      <Key>S2387</Key>
    </Rule>
    <Rule>
      <Key>S3234</Key>
    </Rule>
    <Rule>
      <Key>S3237</Key>
    </Rule>
    <Rule>
      <Key>S3236</Key>
    </Rule>
    <Rule>
      <Key>S3246</Key>
    </Rule>
    <Rule>
      <Key>S1067</Key>
      <Parameters>
        <Parameter>
          <Key>max</Key>
          <Value>3</Value>
        </Parameter>
      </Parameters>
    </Rule>
    <Rule>
      <Key>S3005</Key>
    </Rule>
    <Rule>
      <Key>S3249</Key>
    </Rule>
    <Rule>
      <Key>S3240</Key>
    </Rule>
    <Rule>
      <Key>S3244</Key>
    </Rule>
    <Rule>
      <Key>S1066</Key>
    </Rule>
    <Rule>
      <Key>S3257</Key>
    </Rule>
    <Rule>
      <Key>S3251</Key>
    </Rule>
    <Rule>
      <Key>S3253</Key>
    </Rule>
    <Rule>
      <Key>S3254</Key>
    </Rule>
    <Rule>
      <Key>S3262</Key>
    </Rule>
    <Rule>
      <Key>S3263</Key>
    </Rule>
    <Rule>
      <Key>S3265</Key>
    </Rule>
  </Rules>
  <Files>
    <File>D:\MahavirsinhD_Workspace\Clients\EWC\EWCAndroid\EWCAndroid\CreateAccountActivity.cs</File>
    <File>D:\MahavirsinhD_Workspace\Clients\EWC\EWCAndroid\EWCAndroid\ForgotPasswordActivity.cs</File>
    <File>D:\MahavirsinhD_Workspace\Clients\EWC\EWCAndroid\EWCAndroid\Helpers\AccountManager.cs</File>
    <File>D:\MahavirsinhD_Workspace\Clients\EWC\EWCAndroid\EWCAndroid\Helpers\AzureAuthentication.cs</File>
    <File>D:\MahavirsinhD_Workspace\Clients\EWC\EWCAndroid\EWCAndroid\Helpers\BeaconRegion.cs</File>
    <File>D:\MahavirsinhD_Workspace\Clients\EWC\EWCAndroid\EWCAndroid\Helpers\CoreLocationManager.cs</File>
    <File>D:\MahavirsinhD_Workspace\Clients\EWC\EWCAndroid\EWCAndroid\Helpers\DeviceToken.cs</File>
    <File>D:\MahavirsinhD_Workspace\Clients\EWC\EWCAndroid\EWCAndroid\Helpers\FourSquareVenue.cs</File>
    <File>D:\MahavirsinhD_Workspace\Clients\EWC\EWCAndroid\EWCAndroid\Helpers\ImageManager.cs</File>
    <File>D:\MahavirsinhD_Workspace\Clients\EWC\EWCAndroid\EWCAndroid\Helpers\KeyChainWrapper.cs</File>
    <File>D:\MahavirsinhD_Workspace\Clients\EWC\EWCAndroid\EWCAndroid\Helpers\LocationServicesHelper.cs</File>
    <File>D:\MahavirsinhD_Workspace\Clients\EWC\EWCAndroid\EWCAndroid\Helpers\Logging.cs</File>
    <File>D:\MahavirsinhD_Workspace\Clients\EWC\EWCAndroid\EWCAndroid\Helpers\NetworkManager.cs</File>
    <File>D:\MahavirsinhD_Workspace\Clients\EWC\EWCAndroid\EWCAndroid\Helpers\NotificationHelper.cs</File>
    <File>D:\MahavirsinhD_Workspace\Clients\EWC\EWCAndroid\EWCAndroid\Helpers\Reachability.cs</File>
    <File>D:\MahavirsinhD_Workspace\Clients\EWC\EWCAndroid\EWCAndroid\Helpers\Settings.cs</File>
    <File>D:\MahavirsinhD_Workspace\Clients\EWC\EWCAndroid\EWCAndroid\Helpers\SocialManager.cs</File>
    <File>D:\MahavirsinhD_Workspace\Clients\EWC\EWCAndroid\EWCAndroid\Helpers\Util.cs</File>
    <File>D:\MahavirsinhD_Workspace\Clients\EWC\EWCAndroid\EWCAndroid\Helpers\WebViewDelegate.cs</File>
    <File>D:\MahavirsinhD_Workspace\Clients\EWC\EWCAndroid\EWCAndroid\LoginActivity.cs</File>
    <File>D:\MahavirsinhD_Workspace\Clients\EWC\EWCAndroid\EWCAndroid\MainActivity.cs</File>
    <File>D:\MahavirsinhD_Workspace\Clients\EWC\EWCAndroid\EWCAndroid\Modals\AppContent.cs</File>
    <File>D:\MahavirsinhD_Workspace\Clients\EWC\EWCAndroid\EWCAndroid\Modals\BeaconContent.cs</File>
    <File>D:\MahavirsinhD_Workspace\Clients\EWC\EWCAndroid\EWCAndroid\Modals\FaceBookFriends.cs</File>
    <File>D:\MahavirsinhD_Workspace\Clients\EWC\EWCAndroid\EWCAndroid\Modals\Globals.cs</File>
    <File>D:\MahavirsinhD_Workspace\Clients\EWC\EWCAndroid\EWCAndroid\Modals\GoogleAPI.cs</File>
    <File>D:\MahavirsinhD_Workspace\Clients\EWC\EWCAndroid\EWCAndroid\Modals\LocalPOSTransaction.cs</File>
    <File>D:\MahavirsinhD_Workspace\Clients\EWC\EWCAndroid\EWCAndroid\Modals\Location.cs</File>
    <File>D:\MahavirsinhD_Workspace\Clients\EWC\EWCAndroid\EWCAndroid\Properties\AssemblyInfo.cs</File>
    <File>D:\MahavirsinhD_Workspace\Clients\EWC\EWCAndroid\EWCAndroid\Resources\Resource.designer.cs</File>
    <File>D:\MahavirsinhD_Workspace\Clients\EWC\EWCAndroid\EWCAndroid\SplashScreen.cs</File>
    <File>D:\MahavirsinhD_Workspace\Clients\EWC\EWCAndroid\EWCAndroid\obj\Debug\TemporaryGeneratedFile_036C0B5B-1481-4323-8D20-8F5ADCB23D92.cs</File>
    <File>D:\MahavirsinhD_Workspace\Clients\EWC\EWCAndroid\EWCAndroid\obj\Debug\TemporaryGeneratedFile_5937a670-0e60-4077-877b-f7221da3dda1.cs</File>
    <File>D:\MahavirsinhD_Workspace\Clients\EWC\EWCAndroid\EWCAndroid\obj\Debug\TemporaryGeneratedFile_E7A71F73-0F8D-4B9B-B56E-8E70B10BC5D3.cs</File>
  </Files>
</AnalysisInput>
